name,farm_cp,controller,time min,simulator
iter_01_wdir-2.5_LESnew_jointcontrol,0.5425861326086979,jointcontrol,10,LES
iter_01_wdir-2.5_LESnew_jointcontrol,0.5442493960839115,jointcontrol,20,LES
iter_01_wdir-2.5_LESnew_jointcontrol,0.5474207843307987,jointcontrol,30,LES
iter_01_wdir-2.5_LESnew_jointcontrol,0.5466163229348969,jointcontrol,40,LES
iter_01_wdir-2.5_LESnew_jointcontrol,0.5443684754072831,jointcontrol,50,LES
iter_01_wdir-2.5_LESnew_jointcontrol,0.5471311483597224,jointcontrol,60,LES
iter_01_wdir-2.5_LESnew_jointcontrol,0.5422849397148634,jointcontrol,70,LES
iter_01_wdir-2.5_LESnew_jointcontrol,0.5390301806257335,jointcontrol,80,LES
iter_01_wdir-2.5_LESnew_jointcontrol,0.5494532946539881,jointcontrol,90,LES
iter_01_wdir-2.5_LESnew_jointcontrol,0.5450644455314582,jointcontrol,100,LES
iter_01_wdir-2.5_LESnew_jointcontrol,0.5388679154587511,jointcontrol,110,LES
iter_01_wdir-2.5_LESnew_jointcontrol,0.5428991210562151,jointcontrol,120,LES
iter_01_wdir-2.5_LESnew_jointcontrol,0.5439575538188827,jointcontrol,130,LES
iter_01_wdir-2.5_LESnew_jointcontrol,0.5406403453599224,jointcontrol,140,LES
iter_01_wdir-2.5_LESnew_jointcontrol,0.5400279340215407,jointcontrol,150,LES
iter_01_wdir-2.5_LESnew_jointcontrol,0.5519614081187216,jointcontrol,160,LES
iter_01_wdir-2.5_LESnew_jointcontrol,0.5449079170357715,jointcontrol,170,LES
iter_01_wdir-2.5_LESnew_jointcontrol,0.5419729714653729,jointcontrol,180,LES
iter_01_wdir-2.5_LESnew_jointcontrol,0.5493263990092613,jointcontrol,190,LES
iter_01_wdir-2.5_LESnew_jointcontrol,0.5464402877149978,jointcontrol,200,LES
iter_01_wdir-2.5_LESnew_jointcontrol,0.5418718727960319,jointcontrol,210,LES
iter_01_wdir-2.5_LESnew_jointcontrol,0.5506558900651729,jointcontrol,220,LES
iter_01_wdir-2.5_LESnew_jointcontrol,0.5554447718024282,jointcontrol,230,LES
iter_01_wdir-2.5_LESnew_jointcontrol,0.5439000397873182,jointcontrol,240,LES
iter_01_wdir-2.5_LESnew_nocontrol,0.45095441401868497,nocontrol,10,LES
iter_01_wdir-2.5_LESnew_nocontrol,0.4537229397338813,nocontrol,20,LES
iter_01_wdir-2.5_LESnew_nocontrol,0.4553464429432627,nocontrol,30,LES
iter_01_wdir-2.5_LESnew_nocontrol,0.46049596328009984,nocontrol,40,LES
iter_01_wdir-2.5_LESnew_nocontrol,0.45971297281641077,nocontrol,50,LES
iter_01_wdir-2.5_LESnew_nocontrol,0.45521152705344,nocontrol,60,LES
iter_01_wdir-2.5_LESnew_nocontrol,0.4581408121517557,nocontrol,70,LES
iter_01_wdir-2.5_LESnew_nocontrol,0.462767635522125,nocontrol,80,LES
iter_01_wdir-2.5_LESnew_nocontrol,0.45756746791882374,nocontrol,90,LES
iter_01_wdir-2.5_LESnew_nocontrol,0.4571471667360709,nocontrol,100,LES
iter_01_wdir-2.5_LESnew_nocontrol,0.45111470488048905,nocontrol,110,LES
iter_01_wdir-2.5_LESnew_nocontrol,0.46699837310204545,nocontrol,120,LES
iter_01_wdir-2.5_LESnew_nocontrol,0.46253899841138785,nocontrol,130,LES
iter_01_wdir-2.5_LESnew_nocontrol,0.4547370517145398,nocontrol,140,LES
iter_01_wdir-2.5_LESnew_nocontrol,0.454336578741738,nocontrol,150,LES
iter_01_wdir-2.5_LESnew_nocontrol,0.4640667749966343,nocontrol,160,LES
iter_01_wdir-2.5_LESnew_nocontrol,0.45862311651320137,nocontrol,170,LES
iter_01_wdir-2.5_LESnew_nocontrol,0.4633679410690416,nocontrol,180,LES
iter_01_wdir-2.5_LESnew_nocontrol,0.45420459274535613,nocontrol,190,LES
iter_01_wdir-2.5_LESnew_nocontrol,0.47481074270791607,nocontrol,200,LES
iter_01_wdir-2.5_LESnew_nocontrol,0.4611956333623555,nocontrol,210,LES
iter_01_wdir-2.5_LESnew_nocontrol,0.45837284959314106,nocontrol,220,LES
iter_01_wdir-2.5_LESnew_nocontrol,0.46755107822067693,nocontrol,230,LES
iter_01_wdir-2.5_LESnew_thrustcontrol,0.45011760109791077,thrustcontrol,10,LES
iter_01_wdir-2.5_LESnew_thrustcontrol,0.44806883721700624,thrustcontrol,20,LES
iter_01_wdir-2.5_LESnew_thrustcontrol,0.4377163780772267,thrustcontrol,30,LES
iter_01_wdir-2.5_LESnew_thrustcontrol,0.45509756243071425,thrustcontrol,40,LES
iter_01_wdir-2.5_LESnew_thrustcontrol,0.4617761682073047,thrustcontrol,50,LES
iter_01_wdir-2.5_LESnew_thrustcontrol,0.44250033210065026,thrustcontrol,60,LES
iter_01_wdir-2.5_LESnew_thrustcontrol,0.44932118110182057,thrustcontrol,70,LES
iter_01_wdir-2.5_LESnew_thrustcontrol,0.455162810001849,thrustcontrol,80,LES
iter_01_wdir-2.5_LESnew_thrustcontrol,0.44899480400791325,thrustcontrol,90,LES
iter_01_wdir-2.5_LESnew_thrustcontrol,0.4461653258217389,thrustcontrol,100,LES
iter_01_wdir-2.5_LESnew_thrustcontrol,0.4613324865653302,thrustcontrol,110,LES
iter_01_wdir-2.5_LESnew_thrustcontrol,0.4522184948223686,thrustcontrol,120,LES
iter_01_wdir-2.5_LESnew_thrustcontrol,0.45299046100182455,thrustcontrol,130,LES
iter_01_wdir-2.5_LESnew_thrustcontrol,0.46413648036355154,thrustcontrol,140,LES
iter_01_wdir-2.5_LESnew_thrustcontrol,0.4443780631717639,thrustcontrol,150,LES
iter_01_wdir-2.5_LESnew_thrustcontrol,0.44771919689149225,thrustcontrol,160,LES
iter_01_wdir-2.5_LESnew_thrustcontrol,0.45944497570416176,thrustcontrol,170,LES
iter_01_wdir-2.5_LESnew_thrustcontrol,0.456413006364027,thrustcontrol,180,LES
iter_01_wdir-2.5_LESnew_thrustcontrol,0.45214778756176494,thrustcontrol,190,LES
iter_01_wdir-2.5_LESnew_thrustcontrol,0.4543057618253896,thrustcontrol,200,LES
iter_01_wdir-2.5_LESnew_thrustcontrol,0.45684920878907676,thrustcontrol,210,LES
iter_01_wdir-2.5_LESnew_thrustcontrol,0.46468072477690964,thrustcontrol,220,LES
iter_01_wdir-2.5_LESnew_thrustcontrol,0.4602470686522872,thrustcontrol,230,LES
iter_01_wdir-2.5_LESnew_thrustcontrol,0.4562672209243585,thrustcontrol,240,LES
iter_01_wdir-2.5_LESnew_yawcontrol,0.5374094694355409,yawcontrol,10,LES
iter_01_wdir-2.5_LESnew_yawcontrol,0.5473432465836815,yawcontrol,20,LES
iter_01_wdir-2.5_LESnew_yawcontrol,0.5443007234953778,yawcontrol,30,LES
iter_01_wdir-2.5_LESnew_yawcontrol,0.5393214867472065,yawcontrol,40,LES
iter_01_wdir-2.5_LESnew_yawcontrol,0.5403727592738735,yawcontrol,50,LES
iter_01_wdir-2.5_LESnew_yawcontrol,0.5402083882481562,yawcontrol,60,LES
iter_01_wdir-2.5_LESnew_yawcontrol,0.5403064599925693,yawcontrol,70,LES
iter_01_wdir-2.5_LESnew_yawcontrol,0.5499044455646811,yawcontrol,80,LES
iter_01_wdir-2.5_LESnew_yawcontrol,0.5424397921254884,yawcontrol,90,LES
iter_01_wdir-2.5_LESnew_yawcontrol,0.5408078953930887,yawcontrol,100,LES
iter_01_wdir-2.5_LESnew_yawcontrol,0.5436327054657822,yawcontrol,110,LES
iter_01_wdir-2.5_LESnew_yawcontrol,0.5512375570699375,yawcontrol,120,LES
iter_01_wdir-2.5_LESnew_yawcontrol,0.5464181612274825,yawcontrol,130,LES
iter_01_wdir-2.5_LESnew_yawcontrol,0.55178313099804,yawcontrol,140,LES
iter_01_wdir-2.5_LESnew_yawcontrol,0.5587429669710547,yawcontrol,150,LES
iter_01_wdir-2.5_LESnew_yawcontrol,0.541743907693896,yawcontrol,160,LES
iter_01_wdir-2.5_LESnew_yawcontrol,0.5484926222773162,yawcontrol,170,LES
iter_01_wdir-2.5_LESnew_yawcontrol,0.5490655882912856,yawcontrol,180,LES
iter_01_wdir-2.5_LESnew_yawcontrol,0.5536945929909558,yawcontrol,190,LES
iter_01_wdir-2.5_LESnew_yawcontrol,0.5444406776932657,yawcontrol,200,LES
iter_01_wdir-2.5_LESnew_yawcontrol,0.5362967837252465,yawcontrol,210,LES
iter_01_wdir-2.5_LESnew_yawcontrol,0.5548180897070457,yawcontrol,220,LES
iter_01_wdir-2.5_LESnew_yawcontrol,0.5409586877093653,yawcontrol,230,LES
